<beans xmlns="http://www.springframework.org/schema/beans"
	xmlns:xsi="http://www.w3.org/2001/XMLSchema-instance" xmlns:p="http://www.springframework.org/schema/p"
	xmlns:context="http://www.springframework.org/schema/context" xmlns:tx="http://www.springframework.org/schema/tx"
	xsi:schemaLocation="
                        http://www.springframework.org/schema/beans http://www.springframework.org/schema/beans/spring-beans-2.5.xsd
                        http://www.springframework.org/schema/context http://www.springframework.org/schema/context/spring-context-2.5.xsd
                        http://www.springframework.org/schema/tx http://www.springframework.org/schema/tx/spring-tx-2.5.xsd">


	<context:annotation-config />
	<context:component-scan base-package="com.atomikos.examples.jpa.impl" />


	
	<bean id="demoDataSource" class="com.atomikos.jdbc.AtomikosDataSourceBean"
		init-method="init" destroy-method="close">
		<property name="uniqueResourceName" value="demo" />
		<property name="xaDataSourceClassName" value="org.apache.derby.jdbc.EmbeddedXADataSource" />
		<property name="xaProperties">
			<props>
				<prop key="databaseName">demo</prop>
				<prop key="createDatabase">create</prop>
			</props>
		</property>
		<property name="minPoolSize" value="1" />
		<property name="maxPoolSize" value="5" />
		<property name="borrowConnectionTimeout" value="10000" />
	</bean>

	<!-- Also use Atomikos UserTransactionImp, needed to configure Spring -->
	<bean id="AtomikosUserTransaction" class="com.atomikos.icatch.jta.UserTransactionImp">
		<property name="transactionTimeout" value="3000" />
	</bean>

	<bean id="AtomikosTransactionManager" class="com.atomikos.icatch.jta.UserTransactionManager"
		init-method="init" destroy-method="close">
		<property name="forceShutdown" value="false" />
	</bean>
	<tx:annotation-driven transaction-manager="transactionManager" />

	<bean id="transactionManager"
		class="org.springframework.transaction.jta.JtaTransactionManager">
		<property name="transactionManager" ref="AtomikosTransactionManager" />
		<property name="userTransaction" ref="AtomikosUserTransaction" />
	</bean>



</beans>