<beans xmlns="http://www.springframework.org/schema/beans"
	xmlns:xsi="http://www.w3.org/2001/XMLSchema-instance" xmlns:p="http://www.springframework.org/schema/p"
	xmlns:context="http://www.springframework.org/schema/context" xmlns:tx="http://www.springframework.org/schema/tx"
	xsi:schemaLocation="
                        http://www.springframework.org/schema/beans http://www.springframework.org/schema/beans/spring-beans-2.5.xsd
                        http://www.springframework.org/schema/context http://www.springframework.org/schema/context/spring-context-2.5.xsd
                        http://www.springframework.org/schema/tx http://www.springframework.org/schema/tx/spring-tx-2.5.xsd">

	<import resource="classpath:META-INF/spring/common-config.xml" />
	<bean id="entityManagerFactory"
		class="org.springframework.orm.jpa.LocalContainerEntityManagerFactoryBean" depends-on="demoDataSource">
		<property name="jpaVendorAdapter">
			<bean id="jpaAdapter"
				class="org.springframework.orm.jpa.vendor.EclipseLinkJpaVendorAdapter">
				<property name="databasePlatform"
					value="org.eclipse.persistence.platform.database.DerbyPlatform" />
				<property name="showSql" value="true" />
			</bean>
		</property>
		<property name="jpaPropertyMap">
			<map>
				<entry key="eclipselink.weaving" value="false" />
				<entry key="eclipselink.ddl-generation" value="create-tables"/>
				<entry key="eclipselink.ddl-generation.output-mode" value="database"/>
				<entry key="eclipselink.target-database" value="org.eclipse.persistence.platform.database.DerbyPlatform"/>
				<entry key="eclipselink.logging.level" value="INFO" />
				<entry key="eclipselink.target-server" value="com.atomikos.eclipselink.AtomikosPlatform"/>
			</map>
		</property>

	</bean>

	 <bean class="org.springframework.orm.jpa.support.PersistenceAnnotationBeanPostProcessor"/>

</beans>