<beans xmlns="http://www.springframework.org/schema/beans"
	xmlns:xsi="http://www.w3.org/2001/XMLSchema-instance" xmlns:p="http://www.springframework.org/schema/p"
	xmlns:context="http://www.springframework.org/schema/context" xmlns:tx="http://www.springframework.org/schema/tx"
	xsi:schemaLocation="
                        http://www.springframework.org/schema/beans http://www.springframework.org/schema/beans/spring-beans-2.5.xsd
                        http://www.springframework.org/schema/context http://www.springframework.org/schema/context/spring-context-2.5.xsd
                        http://www.springframework.org/schema/tx http://www.springframework.org/schema/tx/spring-tx-2.5.xsd">

	<import resource="classpath:META-INF/spring/common-config.xml"/>
	<bean id="entityManagerFactory"
		class="org.springframework.orm.jpa.LocalContainerEntityManagerFactoryBean" depends-on="demoDataSource">

		<property name="jpaVendorAdapter">
			<bean class="org.springframework.orm.jpa.vendor.HibernateJpaVendorAdapter">
				<property name="databasePlatform" value="org.hibernate.dialect.DerbyDialect" />
				<property name="generateDdl" value="false" />
				<property name="showSql" value="true" />
			</bean>
		</property>
		<property name="jpaProperties">
			<props>
				<prop key="hibernate.show_sql">true</prop>
				<prop key="hibernate.format_sql">true</prop>
				<prop key="hibernate.dialect">org.hibernate.dialect.DerbyDialect</prop>
				<prop key="hibernate.hbm2ddl.auto">create-drop</prop>
				<prop key="hibernate.current_session_context_class">jta</prop>
				<prop key="hibernate.transaction.manager_lookup_class">com.atomikos.icatch.jta.hibernate3.TransactionManagerLookup</prop>
			</props>
		</property>
	</bean>


</beans>