<assembly
	xmlns="http://maven.apache.org/plugins/maven-assembly-plugin/assembly/1.1.0"
	xmlns:xsi="http://www.w3.org/2001/XMLSchema-instance"
	xsi:schemaLocation="http://maven.apache.org/plugins/maven-assembly-plugin/assembly/1.1.0 http://maven.apache.org/xsd/assembly-1.1.0.xsd">
	<id>project</id>
	<formats>
		<format>zip</format>
	</formats>
	<includeBaseDirectory>true</includeBaseDirectory>
	<fileSets>
		<fileSet>
			<directory>${project.basedir}</directory>
			<outputDirectory>/</outputDirectory>
			<useDefaultExcludes>true</useDefaultExcludes>
			<excludes>
				<exclude>**/*.log</exclude>
				<exclude>**/${project.build.directory}/**</exclude>
			</excludes>
		</fileSet>
		<fileSet>
			<directory>scripts</directory>
			<excludes>
				<exclude>**/*.sh</exclude>
			</excludes>
			<outputDirectory>/</outputDirectory>
		</fileSet>
		<fileSet>
			<directory>scripts</directory>
			<includes>
				<include>**/*.sh</include>
			</includes>
			<fileMode>755</fileMode>
			<lineEnding>unix</lineEnding>
			<outputDirectory>/</outputDirectory>
		</fileSet>
		<fileSet>
			<directory>src/main/resources</directory>
			<includes>
				<include>**/*.properties</include>
			</includes>
			<outputDirectory>/</outputDirectory>
		</fileSet>
	</fileSets>
	<dependencySets>
		<dependencySet>
			<outputDirectory>/libs</outputDirectory>
			<scope>runtime</scope>
		</dependencySet>
	</dependencySets>
</assembly>