<!--
    Licensed to the Apache Software Foundation (ASF) under one or more
    contributor license agreements.  See the NOTICE file distributed with
    this work for additional information regarding copyright ownership.
    The ASF licenses this file to You under the Apache License, Version 2.0
    (the "License"); you may not use this file except in compliance with
    the License.  You may obtain a copy of the License at
   
    http://www.apache.org/licenses/LICENSE-2.0
   
    Unless required by applicable law or agreed to in writing, software
    distributed under the License is distributed on an "AS IS" BASIS,
    WITHOUT WARRANTIES OR CONDITIONS OF ANY KIND, either express or implied.
    See the License for the specific language governing permissions and
    limitations under the License.
-->
<beans xmlns="http://www.springframework.org/schema/beans"
    xmlns:amq="http://activemq.apache.org/schema/core"
    xmlns:xsi="http://www.w3.org/2001/XMLSchema-instance"
    xsi:schemaLocation="
        http://www.springframework.org/schema/beans
        http://www.springframework.org/schema/beans/spring-beans.xsd
        http://activemq.apache.org/schema/core
        http://activemq.apache.org/schema/core/activemq-core-5.2.0.xsd">

  <!-- Allows us to use system properties as variables in this configuration file -->
  <bean class="org.springframework.beans.factory.config.PropertyPlaceholderConfigurer"/>
  
  <amq:broker  brokerName="atomikos" deleteAllMessagesOnStartup="true" >
	<amq:managementContext>
	   <amq:managementContext createConnector="false" />
	</amq:managementContext>

    <amq:persistenceAdapter>
        <amq:kahaPersistenceAdapter directory="file:target/testId" maxDataFileLength = "33554432"/> 
        <!--<amq:memoryPersistenceAdapter/>-->
    </amq:persistenceAdapter>
  
    <amq:transportConnectors>
       <amq:transportConnector uri="tcp://localhost:61616" />
    </amq:transportConnectors>
  </amq:broker>

</beans>
