<?xml version="1.0" encoding="ISO-8859-1"?>
<beans xmlns="http://www.springframework.org/schema/beans"
	xmlns:xsi="http://www.w3.org/2001/XMLSchema-instance" xmlns:tx="http://www.springframework.org/schema/tx"
	xsi:schemaLocation="http://www.springframework.org/schema/beans http://www.springframework.org/schema/beans/spring-beans-2.5.xsd
                        http://www.springframework.org/schema/tx http://www.springframework.org/schema/tx/spring-tx-2.5.xsd">


	<bean id="broker" class="org.apache.activemq.xbean.BrokerFactoryBean" >
		<property name="config" value="classpath:activemq.xml" />
		<property name="start" value="true" />
	</bean>
	<!-- ATE -->
	<bean id="atomikosTransactionManager" class="com.atomikos.icatch.jta.UserTransactionManager"
		init-method="init" destroy-method="close" depends-on="dataSource,connectionFactory">
		<property name="forceShutdown" value="false" />
	</bean>
	<bean id="atomikosUserTransaction" class="com.atomikos.icatch.jta.UserTransactionImp">
		<property name="transactionTimeout" value="300" />
	</bean>
	<bean id="placeholderConfig"
		class="org.springframework.beans.factory.config.PropertyPlaceholderConfigurer">
	</bean>


	<bean id="publisher" class="com.atomikos.demo.publisher.Publisher">
		<property name="jmsTemplate" ref="jmsTemplate" />
		<property name="xmlFoldername" value="xml" />
	</bean>


	<bean id="jmsTemplate" class="org.springframework.jms.core.JmsTemplate">
		<property name="connectionFactory" ref="connectionFactory" />
		<property name="defaultDestination" ref="queue" />
		<property name="receiveTimeout" value="100" />
		<property name="sessionTransacted" value="true" />
	</bean>

	<bean id="messageDrivenContainer" class="com.atomikos.jms.extra.MessageDrivenContainer" depends-on="atomikosTransactionManager" init-method="start" destroy-method="stop">
		<property name="atomikosConnectionFactoryBean" ref="connectionFactory" />
		<property name="transactionTimeout" value="10" />
		<property name="poolSize" value="10" />
		<property name="destination" ref="queue" />
		<property name="messageListener" ref="messageListener" />
	</bean>

	<bean id="messageListener"
		class="com.atomikos.demo.transformer.HibernatePersistingMessageListenerImpl">
		<property name="sessionFactory" ref="sessionFactory" />
	</bean>


	<bean id="queue" class="org.apache.activemq.command.ActiveMQQueue">
		<property name="physicalName" value="ato-test-queue" />
	</bean>

	<bean id="connectionFactory" class="com.atomikos.jms.AtomikosConnectionFactoryBean"
		init-method="init" destroy-method="close" depends-on="broker">
		<property name="uniqueResourceName" value="amq1" />
		<property name="maxPoolSize" value="20" />
		<property name="xaConnectionFactory">
			<bean class="org.apache.activemq.ActiveMQXAConnectionFactory">
				<property name="brokerURL" value="tcp://localhost:61616" />
			</bean>
		</property>
	</bean>

	<bean id="dataSource" class="com.atomikos.jdbc.AtomikosDataSourceBean"
		init-method="init" destroy-method="close">
		<property name="uniqueResourceName" value="db" />
		<property name="xaDataSourceClassName" value="org.postgresql.xa.PGXADataSource" />
		<property name="xaProperties">
			<props>
				<!--<prop key="databaseName">${basedir}/target/classes/db</prop>-->
				<prop key="ServerName">localhost</prop>
				<prop key="PortNumber">5432</prop>
				<prop key="DatabaseName">atomikos</prop>
				<prop key="User">atomikos</prop>
				<prop key="Password">atomikos</prop>

			</props>
		</property>
		<!--<property name="minPoolSize" value="1" />-->
		<property name="maxPoolSize" value="20" />
		<property name="minPoolSize" value="10"/>
		<property name="testQuery" value="select now()"/>
	</bean>


	<!--<bean id="dataSource" class="com.atomikos.jdbc.nonxa.AtomikosNonXADataSourceBean"
		init-method="init" destroy-method="close">
		<property name="driverClassName" value="org.apache.derby.jdbc.EmbeddedDriver" />
		<property name="uniqueResourceName" value="db" />
		<property name="url" value="jdbc:derby:memory:db;create=true" />
		<property name="user" value="derbyuser" />
		<property name="password" value="derbyuser" />
		<property name="maxPoolSize" value="1" />
		<property name="testQuery" value="select schemaname from sys.sysschemas"/>
	</bean>-->

	<!-- Spring TM config -->
	<tx:annotation-driven transaction-manager="transactionManager" />

	<bean id="transactionManager"
		class="org.springframework.transaction.jta.JtaTransactionManager">
		<property name="transactionManager" ref="atomikosTransactionManager" />
		<property name="userTransaction" ref="atomikosUserTransaction" />
	</bean>

	<!-- Hibernate -->
	<bean id="sessionFactory"
		class="org.springframework.orm.hibernate3.annotation.AnnotationSessionFactoryBean">
		<property name="annotatedClasses">
			<list>
				<value>com.atomikos.demo.domain.Order</value>
			</list>
		</property>
		<property name="dataSource" ref="dataSource" />
		<property name="hibernateProperties">
			<props>
				<prop key="hibernate.dialect">org.hibernate.dialect.PostgreSQLDialect</prop>
				<prop key="hibernate.current_session_context_class">jta</prop>
				<prop key="hibernate.transaction.factory_class">com.atomikos.icatch.jta.hibernate3.AtomikosJTATransactionFactory
				</prop>
				<prop key="hibernate.transaction.manager_lookup_class">com.atomikos.icatch.jta.hibernate3.TransactionManagerLookup
				</prop>
				<prop key="hibernate.hbm2ddl.auto">create</prop>
			</props>
		</property>
	</bean>



</beans>