<?xml version="1.0" encoding="ISO-8859-1"?>
<!DOCTYPE log4j:configuration SYSTEM "log4j.dtd">

<log4j:configuration xmlns:log4j="http://jakarta.apache.org/log4j/">

	<appender name="console" class="org.apache.log4j.ConsoleAppender">
		<param name="Target" value="System.out" />
		<param name="Threshold" value="INFO" />

		<layout class="org.apache.log4j.PatternLayout">
			<param name="ConversionPattern" value="%d{ABSOLUTE} {%8.8t} (%x) [%-5p,%-10c{1}] %m%n" />
		</layout>
	</appender>

	<appender name="FILE" class="org.apache.log4j.FileAppender">

		<param name="File" value="file.log" />

		<param name="Threshold" value="INFO" />

		<layout class="org.apache.log4j.PatternLayout">

			<param name="ConversionPattern" value="%-4r [%t] %-5p %c %x - %m%n" />

		</layout>

	</appender>

	<category name="com.atomikos.demo">
		<level value="DEBUG" />
	</category>

	<root>
		<priority value="DEBUG" />
		<appender-ref ref="console" />
	</root>

</log4j:configuration>
